id,en,fr,ja
Your shots did not produce anything useful,Your shots did not produce anything useful,Le bombardement a échoué,何も取れなかった
Cooling reactor (wait),Cooling reactor (wait),Réacteur stabilisé (Attendre 1 tour),一度待つ
[color=yellow]You do %d damage[/color],[color=yellow]You do %d damage[/color],[color=yellow]Le tir fait %d de dommage[/color],[color=yellow]%d ダメージに打つった[/color]
[color=red]You take %d damage[/color],[color=red]You take %d damage[/color],[color=red]Nous avons reçu %d de dommage[/color],[color=red]%d ダメージが貰った[/color]
[color=red]You destroy the enemy ![/color],[color=red]You destroy the enemy ![/color],[color=red]Vous avez détruit l'ennemi ![/color],[color=red]敵が倒れた！[/color]
Ship in range of %s,Ship in range of %s,Nous survolons un %s,%sが近くに通る
Multiple Objects Detected,Multiple Objects Detected,Plusieurs Objects,色々な物
There's nothing there sir...,There's nothing there sir...,Il n'y a rien ici...,ここは何も無い...
Target is outside of our range sir !,Target is outside of our range sir !,La cible est hors de porté Commandant !,届かない船長！
Scanners have discovered an Anomaly close by,Scanners have discovered an Anomaly close by,Le radar à détecté une anomalie dans les environs,異常発見
Select area to scan...,Select area to scan...,Sélectionnez une région…,どこ？
Which ship should we transfer control ?,Which ship should we transfer control ?,Quel vaisseau voulez-vous prendre contrôle?,戦艦を選ぶ
Take from what ?,Take from what ?,Prendre d’où?,どこから取る？
Production sucessful,Production sucessful,Production réussi,Production sucessful
Missing resources,Missing resources,Ressource manquante,Missing resources
Not enough energy,Not enough energy,Pas assez d’énergie,Not enough energy
Crafting failed,Crafting failed,Production échoué,Crafting failed
The Converter of Yendor uses the energy of the wormhole itself to rip a hole trough space. You spool up the engines and glide through it. On the other side HOME is waiting ! You made it !,The Converter of Yendor uses the energy of the wormhole itself to rip a hole trough space. You spool up the engines and glide through it. On the other side HOME is waiting ! You made it !,"Le convertisseur de Yendor assimile l’énergie du trou noir lui-même et ouvre une brèche dans l’espace. Sans hésiter, vous engagé les réacteurs. De l’autre côté, un monde familié vous attend, vous avez réussi, vous êtes enfin chez vous !",The Converter of Yendor uses the energy of the wormhole itself to rip a hole trough space. You spool up the engines and glide through it. On the other side HOME is waiting ! You made it !
The Converter of Yendor will not work unless it is mounted on the ship !,The Converter of Yendor will not work unless it is mounted on the ship !,Le convertisseur de Yendor doit être monté sur le vaisseau!,The Converter of Yendor will not work unless it is mounted on the ship !
[color=yellow]This wormhole emits a strange energy signature that prevents you from jumping back home![/color],[color=yellow]This wormhole emits a strange energy signature that prevents you from jumping back home![/color],[color=yellow]Ce trou noir émet une énergie inconnue qui vous empêche de retourner chez vous[/color],[color=yellow]This wormhole emits a strange energy signature that prevents you from jumping back home![/color]
Mount some weapon first,Mount some weapon first,Vous devez monté une arme,Mount some weapon first
Nothing but empty space,Nothing but empty space,Il n'y a rien ici…,Nothing but empty space
Ship transfer canceled,Ship transfer canceled,Transfer cancellé,Ship transfer canceled
Item transfer canceled,Item transfer canceled,Aucun item transferé,Item transfer canceled
"All controls transfered, the ship is ours captain !","All controls transfered, the ship is ours captain !","Transfer complété, le vaisseau nous appartient Commandant!","All controls transfered, the ship is ours captain !"
"We have too much cargo, choose what to leave behind before we go","We have too much cargo, choose what to leave behind before we go","Nous avons trop de cargo, choisissez ce que nous laisserons ici","We have too much cargo, choose what to leave behind before we go"
We should transfer any remaining items from %s before,We should transfer any remaining items from %s before,%s contient encore des items qui doivent être transféré avant,We should transfer any remaining items from %s before
The tractor beam failed to lock on,The tractor beam failed to lock on,Le rayon tracteur n’a rien trouvé,The tractor beam failed to lock on
Tractor beam has brought %s abord,Tractor beam has brought %s abord,Le rayon tracteur a ramené %s à bord,Tractor beam has brought %s abord
Replaced %s by %s,Replaced %s by %s,%s remplacé par %s,Replaced %s by %s
Installed %s,Installed %s,%s Installé,Installed %s
[color=yelllow]Nanites deployed ![/color],[color=yelllow]Nanites deployed ![/color],[color=yelllow]Nanites déployées ![/color],[color=yelllow]Nanites deployed ![/color]
"This planet has a colony, let's not push our luck","This planet has a colony, let's not push our luck","Cette planète est colonisée, n’exagérons pas","This planet has a colony, let's not push our luck"
No more %s to shoot,No more %s to shoot,Nous n’avons plus de %s,No more %s to shoot
[color=red]This planet had a colony and they are NOT happy. They've deployed defenses.[/color],[color=red]This planet had a colony and they are NOT happy. They've deployed defenses.[/color],[color=red]Cette planète a une colonie. Ils ont déployé leurs défenses.[/color],[color=red]This planet had a colony and they are NOT happy. They've deployed defenses.[/color]
Some useful materials float into orbit,Some useful materials float into orbit,Des matériaux utiles flottent en orbite,Some useful materials float into orbit
Shot missed,Shot missed,Tir manqué,Shot missed
The enemy missed,The enemy missed,L’ennemi vous manque,The enemy missed
[color=red]You destroyed one of YOUR ship ![/color],[color=red]You destroyed one of YOUR ship ![/color],[color=red]Vous avez détruit un de vos propre vaisseau ![/color],[color=red]You destroyed one of YOUR ship ![/color]
"[color=yellow]The anomaly has corrupted your warp drives, engine at half power[/color]","[color=yellow]The anomaly has corrupted your warp drives, engine at half power[/color]","[color=yellow]L’anomalie affecte les réacteurs, vitesse réduite à 50%[/color]","[color=yellow]The anomaly has corrupted your warp drives, engine at half power[/color]"
[color=yellow]The anomaly is syphoning energy from the ship ![/color],[color=yellow]The anomaly is syphoning energy from the ship ![/color],[color=yellow]L’anomalie syphone l’énergie du vaisseau ![/color],[color=yellow]The anomaly is syphoning energy from the ship ![/color]
"[color=lime]The anomaly was full of free energy, we're gaining energy ![/color]","[color=lime]The anomaly was full of free energy, we're gaining energy ![/color]",[color=lime]L’anomalie à une charge énergétique si dense qu’elle recharge le vaisseau ![/color],"[color=lime]The anomaly was full of free energy, we're gaining energy ![/color]"
[color=yellow]A magnetic pulse from the Anomaly has disabled our scanners ![/color],[color=yellow]A magnetic pulse from the Anomaly has disabled our scanners ![/color],[color=yellow]Le champs électro-magnétique de l’anomalie corrompt notre radar ![/color],[color=yellow]A magnetic pulse from the Anomaly has disabled our scanners ![/color]
[color=lime]The anomaly resonate with our scanners giving them a boost ![/color],[color=lime]The anomaly resonate with our scanners giving them a boost ![/color],[color=lime]Les ondes magnétiques de l’anomalie résonnent avec notre radar et augmente sa porté ![/color],[color=lime]The anomaly resonate with our scanners giving them a boost ![/color]
"[color=lime]Purge complete, all system back online[/color]","[color=lime]Purge complete, all system back online[/color]","[color=lime]Purge complété, systèmes nominal[/color]","[color=lime]Purge complete, all system back online[/color]"
[color=lime]The energy Syphon has subsided[/color],[color=lime]The energy Syphon has subsided[/color],[color=lime]Le syphon d’énergie s’affaibli[/color],[color=lime]The energy Syphon has subsided[/color]
[color=lime]Scanners are back to normal[/color],[color=lime]Scanners are back to normal[/color],[color=lime]Le radar fonctionne à nouveau[/color],[color=lime]Scanners are back to normal[/color]
[color=yellow]Enemy ship entered scanner range ![/color],[color=yellow]Enemy ship entered scanner range ![/color],[color=yellow]Vaisseau ennemi détecté ![/color],[color=yellow]Enemy ship entered scanner range ![/color]
[color=yellow]Scanners have picked up a new %s[/color],[color=yellow]Scanners have picked up a new %s[/color],[color=yellow]Nos radars détectent un nouveau %s[/color],[color=yellow]Scanners have picked up a new %s[/color]
"[color=yellow]Autopilot canceled, enemy too close ![/color]","[color=yellow]Autopilot canceled, enemy too close ![/color]","[color=yellow]Autopilot interrompu, ennemi dangeureusement proche ![/color]","[color=yellow]Autopilot canceled, enemy too close ![/color]"
[color=yellow]Energy too low for autopilot ![/color],[color=yellow]Energy too low for autopilot ![/color],"[color=yellow]Autopilot interrompu, energie dangeureusement faible ![/color]",[color=yellow]Energy too low for autopilot ![/color]
Game saved,Game saved,Partie Sauvegardé,Game saved
No selected item can be used like that,No selected item can be used like that,Aucun objet ne peut être utilisé,No selected item can be used like that
Choose Target,Choose Target,Choisir une cible,Choose Target
Game Menu,Game Menu,Menu Principal,Game Menu
Confirm,Confirm,Confirmer,Confirm
MAN(1) Solar Rogue General Commands Manual,MAN(1) Solar Rogue General Commands Manual,MAN(1) Solar Rogue Manuel des Commandes,MAN(1) Solar Rogue General Commands Manual
Ship's Mounts,Ship's Mounts,Points d’ancrage,Ship's Mounts
Cargo Holds,Cargo Holds,Cargo,Cargo Holds
Player's Ship,Player's Ship,Vaisseau du joueur,Player's Ship
Select Materials,Select Materials,Choix des matériaux,Select Materials
Settings,Settings,Configuration,Settings
How Many ?,How Many ?,Combien ?,How Many ?
You are dead,You are dead,Vous êtes mort,You are dead
Log Stardate %d.%d.%d,Log Stardate %d.%d.%d,Journal Stardate %d.%d.%d,Log Stardate %d.%d.%d
[b]oard,[b]oard,[b]embar,[b]oard
[t]ransfer,[t]ransfer,[t]ransfert,[t]ransfer
[l]ook,[l]ook,[l]analyse,[l]ook
[5] wait,[5] wait,[5]attendre,[5] wait
...,...,...,...
[s]kip,[s]kip,[s]auter,[s]kip
[esc]cancel,[esc]cancel,[esc]annuler,[esc]cancel
[s]ave,[s]ave,[s]auvegarde,[s]ave
[r]estart,[r]estart,[r]ecommencer,[r]estart
[o]ptions,[o]ptions,[o]ptions,[o]ptions
save & [q]uit,save & [q]uit,sauvegarde & [q]uitter,save & [q]uit
> remove,> remove,> retirer,> remove
< mount,< mount,< monté,< mount
[d]rop,[d]rop,[d]expulser,[d]rop
[u]se,[u]se,[u]tiliser,[u]se
?,?,?,?
[esc] close,[esc] close,[esc]fermer,[esc] close
[esc]Cancel,[esc]Cancel,[esc]annuler,[esc]Cancel
<<,<<,<<,<<
>>,>>,>>,>>
[esc]close,[esc]close,[esc]fermer,[esc]close
[esc] cancel,[esc] cancel,[esc]annuler,[esc] cancel
[c]raft,[c]raft,[c]produire,[c]raft
...,...,...,...
[c]onv,[c]onv,[c]onv,[c]onv
[w]eapon,[w]eapon,[w]tir,[w]eapon
[g]rab,[g]rab,[g]prend,[g]rab
[i]nv,[i]nv,[i]nv,[i]nv
[<]FTL,[<]FTL,[<]Saut,[<]FTL
TUTO refill our energy,"Captain, Lets refill our energy by converting this %s\n1. Select 'Recycle Energy' from the list on the left\n2. Select the '%s' on the right\n3. Click the 'Craft' Button","Commandant, Récupérons de l’énergie en convertissant %s\n1. Choisir ‘Recyclage’ dans la liste de gauche\n2. Choisir %s à droite\n3. Cliquer sur le bouton ‘Produire’","Captain, Lets refill our energy by converting this %s\n1. Select 'Recycle Energy' from the list on the left\n2. Select the '%s' on the right\n3. Click the 'Craft' Button"
Tutorial: Converter,Tutorial: Converter,Tutoriel: Convertisseur,Tutorial: Converter
TUTO equip our new,"Captain, To equip our new %s just select it in the cargo list on the right and select the 'mount' button to install or replace the currently equiped %s","Commandant, Pour équiper notre nouveau %s il suffit de le sélectionner dans la liste à droite et cliquer sur le bouton ‘monté’ pour l’installer ou remplacé le %s actuel","Captain, To equip our new %s just select it in the cargo list on the right and select the 'mount' button to install or replace the currently equiped %s"
Tutorial: Inventory,Tutorial: Inventory,Tutoriel: Inventaire,Tutorial: Inventory
TUTO order the helm,"Captain, order the helm to move by using the numpad keys, clicking or taping the screen\n\n[i]You can turn off tutorial prompts in the settings[/i]","Commandant, donnez vos ordres au pilote avec le pavé numérique, en cliquant ou en tapant dans l’écran\n\n[i]Vous pouvez désactiver les tutoriels dans le menu d’options[/i]","Captain, order the helm to move by using the numpad keys, clicking or taping the screen\n\n[i]You can turn off tutorial prompts in the settings[/i]"
Tutorial: Ship Movement,Tutorial: Ship Movement,Tutoriel: Déplacement,Tutorial: Ship Movement
TUTO deemed hostile,"Captain, an unkown ship has entered our scanner range. It's weapon are powered-up and it's headed for our us.\n\nTarget deemed hostile will be marked in [color=red]red[/color].","Commandant, Un vaisseau inconnu s’approche. Nous détectons un armement et ils sont en approche.\n\nLes cibles hostiles seront marquées en [color=red]rouge[/color]","Captain, an unkown ship has entered our scanner range. It's weapon are powered-up and it's headed for our us.\n\nTarget deemed hostile will be marked in [color=red]red[/color]."
"Tutorial: Tactical, Hostiles","Tutorial: Tactical, Hostiles","Tutoriel: Tactical, Hostiles","Tutorial: Tactical, Hostiles"
TUTO deemed neutral,"Captain, an unkown ship has entered our scanner range. No weapon signature detected, it's ignoring us.\n\nTarget deemed neutral will be marked in [color=blue]blue[/color].\n\n[i]hint: they're easy pickings...[/i]","Commandant, un vaisseau inconnu s’approche. Il n’est pas armé et semble nous ignorer.\n\nLes cibles neutres seront marquées en [color=blue]bleu[/color].\n\n[i]conseil : Ce sont des cibles faciles…[/i]","Captain, an unkown ship has entered our scanner range. No weapon signature detected, it's ignoring us.\n\nTarget deemed neutral will be marked in [color=blue]blue[/color].\n\n[i]hint: they're easy pickings...[/i]"
"Tutorial: Tactical, Neutral","Tutorial: Tactical, Neutral","Tutoriel: Tactiques, Neutre","Tutorial: Tactical, Neutral"
TUTO Boardable targets,"Captain, this is one of our ships. We can board it and transfer equipments.\n\nBoardable targets will be marked in white.","Commandant, Ce vaisseau fait parti de notre flotte. Nous pouvons transférer contrôles et équipements.\n\nLes cibles contrôlables seront marquées en blanc","Captain, this is one of our ships. We can board it and transfer equipments.\n\nBoardable targets will be marked in white."
"Tutorial: Tactical, Boarding","Tutorial: Tactical, Boarding","Tutoriel: Tactical, Embarquement","Tutorial: Tactical, Boarding"
TUTO planet close by,"Captain, the ship's scanners have detected a planet close by. We should get close within firing range and shoot a few missiles, we could get useful materials from the debris.","Commandant, Nos radars indique une planète à proximité. Nous devrions nous en approcher et faire feu, les planètes contiennent généralement des matériaux utiles.","Captain, the ship's scanners have detected a planet close by. We should get close within firing range and shoot a few missiles, we could get useful materials from the debris."
Tutorial: Harvesting,Tutorial: Harvesting,Tutoriel: Récolter,Tutorial: Harvesting
TUTO base elements,"Captain, the ship's scanners have detected base elements that could be used to power the ship. Get on top of it and use the tractor beam to bring it into our cargo holds.","Commandant, Nos radars ont détecté des éléments de base pouvant servir à alimenter le vaisseau. Dirigez-vous dessus et utilisez le rayon tracteur pour les amener à bord","Captain, the ship's scanners have detected base elements that could be used to power the ship. Get on top of it and use the tractor beam to bring it into our cargo holds."
Tutorial: Energy,Tutorial: Energy,Tutoriel: Energie,Tutorial: Energy
TUTO the [c]onv button,"Captain, we've picked up an item that could be used to refuel the ship. click on the [c]onv button to warm up our energy-to-matter converter","Commandant, nous avons dans nos soutes un item qui pourrait ré-énergiser le vaisseau. Cliquez sur le bouton [c]onv pour réchauffer notre convertisseur d’énergie","Captain, we've picked up an item that could be used to refuel the ship. click on the [c]onv button to warm up our energy-to-matter converter"
TUTO mount on ship,"Captain, we've picked up an item that could be mounted on our ship. Please head to the inventory screen for more info.","Commandant, nous avons dans nos soutes un item qui pourrait être monté sur le vaisseau. Allez dans l’inventaire pour plus d’information.","Captain, we've picked up an item that could be mounted on our ship. Please head to the inventory screen for more info."
[c]ontinue,[c]ontinue,[c]ontinuer,[c]ontinue
[n]ew game,[n]ew game,[n]début,[n]ew game
[s]ettings,[s]ettings,[s]param,[s]ettings
[?]credits,[?]credits,[?]crédits,[?]credits
[q]uit,[q]uit,[q]uitter,[q]uit
Thanks for playing Solar Rogue !,Thanks for playing Solar Rogue !,Merci d'avoir joué à Solar Rogue !,Thanks for playing Solar Rogue !
Player Name,Player Name,Nom du joueur,Player Name
Hull,Hull,Intégrité,Hull
Energy,Energy,Energie,Energy
Shield,Shield,Bouclier,Shield
Missing,Missing,Absent,Missing
Down!,Down!,Hors Service!,Down!
Select Target...,Select Target...,Choix de cible...,Select Target...
[color=red]Select a ship to board...[/color],[color=red]Select a ship to board...[/color],[color=red]Choisir le vaisseau...[/color],[color=red]Select a ship to board...[/color]
[color=red]Select a ship to transfer content...[/color],[color=red]Select a ship to transfer content...[/color],[color=red]Choisir le vaisseau pour le transfert...[/color],[color=red]Select a ship to transfer content...[/color]
[color=red]Select target for %s...[/color],[color=red]Select target for %s...[/color],[color=red]Choisir la cible pour %s...[/color],[color=red]Select target for %s...[/color]
CONFIRM delete save,Are you sure ?\nThe Savegame will be deleted,Etes-vous certain ?\nLa sauvegarde sera détruite,Are you sure ?\nThe Savegame will be deleted
Are you sure ?,Are you sure ?,Etes-vous certain ?,Are you sure ?
Missing %s,Missing %s,Manque %s,%s 無 
Cargo Contents,Cargo Contents,Soutes,内容
Empty,Empty,Libre,空
Repair Nanobots,Repair Nanobots,Nanobots Réparateur,修理ナノマシン
Matter-to-Energy Converter,Matter-to-Energy Converter,Convertisseur d’énergie,Matter-to-Energy Converter
Matter-to-Energy Converter MK2,Matter-to-Energy Converter MK2,Convertisseur d’énergie V2,Convertisseur d’énergie V2
Converter of Yendor,Converter of Yendor,Convertisseur de Yendor,Convertisseur de Yendor
A Jerg Matter-to-Energy Converter,A Jerg Matter-to-Energy Converter,Convertisseur Jerg,Convertisseur Jerg
A Vorg Matter-to-Energy Converter,A Vorg Matter-to-Energy Converter,Convertisseur Vorg,Convertisseur Vorg
A Battleship Hull Relic,A Battleship Hull Relic,Coque de Cuirassé,Coque de Cuirassé
A Frigate Hull Relic,A Frigate Hull Relic,Coque de Frégate,Coque de Frégate
Probe Hull Relic,Probe Hull Relic,Coque de Sonde,Coque de Sonde
Scout Hull Relic,Scout Hull Relic,Coque d’éclaireur,Coque d’éclaireur
Diluted Cristal,Diluted Cristal,Cristaux de Dilution,Cristaux de Dilution
Hydrogen,Hydrogen,Hydrogène,Hydrogène
Oxygen,Oxygen,Oxygène,Oxygène
Uranium,Uranium,Uranium,Uranium
Long Range Scanner,Long Range Scanner,Radar Longue Porté,Radar Longue Porté
Long Range Scanner MK2,Long Range Scanner MK2,Radar Longue Porté V2,Radar Longue Porté V2
Long Range Scanner MK3,Long Range Scanner MK3,Radar Longue Porté V3,Radar Longue Porté V3
Short Range Scanner,Short Range Scanner,Radar,Radar
Short Range Scanner MK2,Short Range Scanner MK2,Radar V2,Radar V2
Short Range Scanner MK3,Short Range Scanner MK3,Radar V3,Radar V3
Ultimate Scanner,Ultimate Scanner,Le Radar Ultime,Le Radar Ultime
Shield,Shield,Bouclier,Bouclier
Medium Shield,Medium Shield,Bouclier Grande Capacité,Bouclier Grande Capacité
Large Shield,Large Shield,Bouclier Extra Grande Capacité,Bouclier Extra Grande Capacité
Gravitic Compactor,Gravitic Compactor,Compresseur Gravitationnel,Compresseur Gravitationnel
Small Power Amplifier,Small Power Amplifier,Petit Amplificateur de Puissance,Petit Amplificateur de Puissance
Medium Power Amplifier,Medium Power Amplifier,Amplificateur de Puissance Amélioré,Amplificateur de Puissance Amélioré
Large Power Amplifier,Large Power Amplifier,Grand Amplificateur de Puissance,Grand Amplificateur de Puissance
Solar Array,Solar Array,Panneaux Solaires,Panneaux Solaires
Laser Turret MK1,Laser Turret MK1,Tourelle Laser V1,Tourelle Laser V1
Laser Turret MK2,Laser Turret MK2,Tourelle Laser V2,Tourelle Laser V2
Missile,Missile,Missile,Missile
Missile Launcher MK1,Missile Launcher MK1,Lance-Missile V1,Lance-Missile V1
Missile Launcher MK2,Missile Launcher MK2,Lance-Missile V2,Lance-Missile V2
Missile Launcher MK3,Missile Launcher MK3,Lance-Missile V3,Lance-Missile V3
Torpedo,Torpedo,Torpille,Torpille
Torpedo Launcher MK1,Torpedo Launcher MK1,Lance-Torpilles V1,Lance-Torpilles V1
Wormhole,Wormhole,Trou Noir,Trou Noir
Unknown Object,Unknown Object,Object Inconnu,Object Inconnu
A Human Battleship,A Human Battleship,Un Cuirassé Humain,Un Cuirassé Humain
A Human Bomber,A Human Bomber,Un Bombardier Humain,Un Bombardier Humain
A Human Frigate,A Human Frigate,Une Frégate Humaine,Une Frégate Humaine
A Probe,A Probe,Une Sonde,Une Sonde
A Human Scout,A Human Scout,Un Éclaireur Humain,Un Éclaireur Humain
A Jerg Battleship,A Jerg Battleship,Un Cuirassé Jerg,Un Cuirassé Jerg
A Jerg Bomber,A Jerg Bomber,Un Bombardier Jerg,Un Bombardier Jerg
A Jerg Frigate,A Jerg Frigate,Une Frégate Jerg,Une Frégate Jerg
A Jerg Scout,A Jerg Scout,Un Éclaireur Jerg,Un Éclaireur Jerg
A Vorg Battleship,A Vorg Battleship,Un Cuirassé Vorg,Un Cuirassé Vorg
A Vorg Bomber,A Vorg Bomber,Un Bombardier Vorg,Un Bombardier Vorg
A Vorg Frigate,A Vorg Frigate,Une Frégate Vorg,Une Frégate Vorg
A Vorg Scout,A Vorg Scout,Un Éclaireur Vorg,Un Éclaireur Vorg
A Random Anomaly,A Random Anomaly,Une Anomalie,Une Anomalie
A Planet,A Planet,Une Planète,Une Planète
A Bright Sun,A Bright Sun,Un Soleil Radieux,Un Soleil Radieux
Transfer Where ?,Transfer Where ?,Transférer où ?,どこ？
No information available,No information available,Information Manquante,空
consumable,consumable,consommation,消耗品 
converter,converter,convertisseur,converter
battleship_hull,battleship hull,coque de cuirassé,battleship hull
frigate_hull,frigate hull,coque de frégate,frigate hull
probe_hull,probe hull,coque de sonde,probe hull
scout_hull,scout hull,coque d’éclaireur,scout hull
food,energy source,source d’énergie,エネルギー用
scanner,scanner,radar,スキャナー
shield,shield,bouclier,盾 
utility,utility,accessoire,付き物
weapon,weapon,armement,武器
ammo,ammo,munition,弾薬 
wormhole,wormhole,trou noir,ワームホール
prop,prop,prop,prop
ship,ship,vaisseau,戦艦
player,player,joueur,プレーヤー
anomaly,anomaly,anomalie,異常 
planet,planet,planète,惑星 
sun,sun,soleil,太陽
others,others,autres,その他
Language,Language,Langue,言語
Tutorial,Tutorial,Tutoriel,チュートリアル
Difficulty,Difficulty,Difficulté,難易
Display FPS,Display FPS,Affiché FPS,Display FPS
Hide HUD Buttons (shortcut only),Hide HUD Buttons (shortcut only),Caché HUD (mode raccourcis),Hide HUD Buttons (shortcut only)
Full Screen,Full Screen,Plein Écran,Full Screen
VSync,VSync,VSync,VSync
Gameplay,Gameplay,Jeu,Gameplay
Video,Video,Vidéo,画像
Sound,Sound,Son,音
Master Volume,Master Volume,Volume Principal,Master Volume
SFX Volume,SFX Volume,Volume Effects,SFX Volume
Music Volume,Music Volume,Volume Musique,Music Volume
Settings,Settings,Paramètres,設定
French,French,Français,フランス語
English,English,Anglais,英語
Japanese,Japanese,Japonais,日本語
Normal,Normal,Normale,普通
Hard,Hard,Difficile,難しい
Harder,Harder,Très Difficile,超難しい
Hardest,Hardest,Trop Difficile,激難しい
Not Happening...,Not Happening...,Nope...,無理。。。
Welcome %s...,Welcome %s...,Bienvenue %s...,Solar Rogueへようこそ%s...
Tiny nanobots go out and fuse with the hull to repair it over time.,Tiny nanobots go out and fuse with the hull to repair it over time.,Robots microscopiques qui peuvent fusionner avec la coque du vaisseau pour le réparer. Le processus prend plusieurs tours.,Tiny nanobots go out and fuse with the hull to repair it over time.
Cargo Volume,Cargo Volume,Volume,Cargo Volume
Turn used,Turn used,Temps d'activation,Turn used
Energy used,Energy used,Consomation,Energy used
Duration,Duration,Durée,Duration
hp/turn,hp/turn,intégrité/tour,hp/turn
{hull_regen.duration} turns,{hull_regen.duration} turns,{hull_regen.duration} tours,{hull_regen.duration} turns
Description,Description,Description,Description
Effect,Effect,Effet,Effect
Overview,Overview,Apperçu,Overview
A handy device that can convert any matter into energy and vice-versa. More advanced blueprints require military grade converter.,A handy device that can convert any matter into energy and vice-versa. More advanced blueprints require military grade converter.,Une machine très pratique qui peut transformer n’importe quoi en énergie et vice-versa. Les recettes plus complexes demandent un convertisseur militarisé.,A handy device that can convert any matter into energy and vice-versa. More advanced blueprints require military grade converter.
Equip Turn,Equip Turn,Tours pour équip,Equip Turn
Mount Point,Mount Point,Points d’ancrage,Mount Point
Maximum Energy Reserve,Maximum Energy Reserve,Réserve d’énergie max,Maximum Energy Reserve
Recipes,Recipes,Recettes,Recipes
This device seems to bend the fabric of space and time itself to materialize anything you can dream of. Bring it back to the original wormhole to complete the game.,This device seems to bend the fabric of space and time itself to materialize anything you can dream of. Bring it back to the original wormhole to complete the game.,Ce dispositif manipule le temps et l’espace directement pour matérialiser vos rêves les plus fous. Ramenez le au trou noir du début pour gagné la partie.,This device seems to bend the fabric of space and time itself to materialize anything you can dream of. Bring it back to the original wormhole to complete the game.
Variable,Variable,Variable,Variable
A handy device that can convert any matter into energy and vice-versa. Contains the secret blueprints from the Jerg civilisation!,A handy device that can convert any matter into energy and vice-versa. Contains the secret blueprints from the Jerg civilisation!,Une machine très pratique qui peut transformer n’importe quoi en énergie et vice-versa. Contiens les secrets de la civilisation Jerg!,A handy device that can convert any matter into energy and vice-versa. Contains the secret blueprints from the Jerg civilisation!
A handy device that can convert any matter into energy and vice-versa. Contains the secret blueprints from the Vorg civilisation!,A handy device that can convert any matter into energy and vice-versa. Contains the secret blueprints from the Vorg civilisation!,Une machine très pratique qui peut transformer n’importe quoi en énergie et vice-versa. Contiens les secrets de la civilisation Vorg!,A handy device that can convert any matter into energy and vice-versa. Contains the secret blueprints from the Vorg civilisation!
The remains of this battleship hull are still in suprisingly good shape. They could be used as a scaffold for a new Battleship.,The remains of this battleship hull are still in suprisingly good shape. They could be used as a scaffold for a new Battleship.,"Les restes d’un cuirassé, surprenamment bien conservé. Ils pourraient servir de base à un nouveau Cuirassé.",The remains of this battleship hull are still in suprisingly good shape. They could be used as a scaffold for a new Battleship.
The remains of this frigate hull are still in suprisingly good shape. They could be used as a scaffold for a new Frigate.,The remains of this frigate hull are still in suprisingly good shape. They could be used as a scaffold for a new Frigate.,"Les restes d’une frégates, surprenamment bien conservé. Ils pourraient servir de base à une nouvelle frégate.",The remains of this frigate hull are still in suprisingly good shape. They could be used as a scaffold for a new Frigate.
"The remains of this probe hull are still in suprisingly good shape. They could be used as a scaffold for a new Probe, but why ?","The remains of this probe hull are still in suprisingly good shape. They could be used as a scaffold for a new Probe, but why ?","Les restes d’une sonde, surprenamment bien conservé. Ils pourraient servir de base à une nouvelle sonde, mais dans quel but?","The remains of this probe hull are still in suprisingly good shape. They could be used as a scaffold for a new Probe, but why ?"
The remains of this Scout hull are still in suprisingly good shape. They could be used as a scaffold for a new Scout.,The remains of this Scout hull are still in suprisingly good shape. They could be used as a scaffold for a new Scout.,"Les restes d’un éclaireur, surprenamment bien conservé. Ils pourraient servir de base à un nouvel éclaireur.",The remains of this Scout hull are still in suprisingly good shape. They could be used as a scaffold for a new Scout.
An extremely hard crystalline mineral used as a power source. It is believed that this material exists in more than three dimensions at the same time and this is somehow related to its properties.,An extremely hard crystalline mineral used as a power source. It is believed that this material exists in more than three dimensions at the same time and this is somehow related to its properties.,Un minéral cristallin souvent utilisé comme source d’énergie. On pense que ce matériel existe dans plus de trois dimensions à la fois lui conférant des propriétés hors du commun. ,An extremely hard crystalline mineral used as a power source. It is believed that this material exists in more than three dimensions at the same time and this is somehow related to its properties.
"Hydrogen is the most abundant chemical substance in the Universe. It is a colorless, odorless, tasteless, non-toxic, nonmetallic, highly combustible diatomic gas.","Hydrogen is the most abundant chemical substance in the Universe. It is a colorless, odorless, tasteless, non-toxic, nonmetallic, highly combustible diatomic gas.","L’Hydrogène est la substance la plus commune dans l’univers. Sans odeur, sans couleur, sans goût, non-toxique, non-métallique et extrêmement inflamable.","Hydrogen is the most abundant chemical substance in the Universe. It is a colorless, odorless, tasteless, non-toxic, nonmetallic, highly combustible diatomic gas."
"Oxygen is a highly reactive nonmetal, and an oxidizing agent that readily forms oxides. It is a colorless and odorless diatomic gas.","Oxygen is a highly reactive nonmetal, and an oxidizing agent that readily forms oxides. It is a colorless and odorless diatomic gas.","L'oxygène est un non-métal qui forme très facilement des composés, notamment des oxydes, avec pratiquement tous les autres éléments chimiques. Cette facilité se traduit par des énergies de formation élevées.","Oxygen is a highly reactive nonmetal, and an oxidizing agent that readily forms oxides. It is a colorless and odorless diatomic gas."
"Uranium is a fissile isotope, which makes it widely used in nuclear power plants and nuclear weapons. In sufficient concentration, we can maintain a sustained nuclear chain reaction.","Uranium is a fissile isotope, which makes it widely used in nuclear power plants and nuclear weapons. In sufficient concentration, we can maintain a sustained nuclear chain reaction.",L’Uranium est un isotope radioactif ce qui le rend très populaire comme source d’énergie dans les réacteurs nucléaires.,"Uranium is a fissile isotope, which makes it widely used in nuclear power plants and nuclear weapons. In sufficient concentration, we can maintain a sustained nuclear chain reaction."
This extra-powerful radar extends beyond the average weapon range allowing us time to get into a flanking position before battle.,This extra-powerful radar extends beyond the average weapon range allowing us time to get into a flanking position before battle.,Un radar particulièrement puissant qui permet de voir l’ennemi avant qu’il soit à distance de tir ce qui nous permet de nous positionner avantageusement avant la bataille.,This extra-powerful radar extends beyond the average weapon range allowing us time to get into a flanking position before battle.
Radius,Radius,Rayon,Radius
Level,Level,Niveau,Level
This advanced Radar can detect large gravitational shifts within a solar system.,This advanced Radar can detect large gravitational shifts within a solar system.,Ce radar amélioré arrive à repérer les larges sources de perturbation gravitationnelle dans tout le système solaire.,This advanced Radar can detect large gravitational shifts within a solar system.
This advanced Radar can detect minute gravitational shifts within a solar system.,This advanced Radar can detect minute gravitational shifts within a solar system.,Ce radar utilise une version très précise d’analyse permettant de repérer toutes les sources de perturbation gravitationnelle.,This advanced Radar can detect minute gravitational shifts within a solar system.
Space is vast and dark. Only radars can allow us to see objects in space. This one barely manages to do even that.,Space is vast and dark. Only radars can allow us to see objects in space. This one barely manages to do even that.,Un vaisseau sans radar est aveugle dans les limites infinis de l’espace. Les radars sont nos yeux et ce radar est myope.,Space is vast and dark. Only radars can allow us to see objects in space. This one barely manages to do even that.
This Radar can detect large gravitational shifts within a solar system but provide limited range.,This Radar can detect large gravitational shifts within a solar system but provide limited range.,Ce radar peut détecter les perturbations gravitationnelles dans tout le système solaire mais ses autres systèmes sont plutôt limité.,This Radar can detect large gravitational shifts within a solar system but provide limited range.
This Radar can detect minute gravitational shifts within a solar system but provides limited range.,This Radar can detect minute gravitational shifts within a solar system but provides limited range.,Ce radar peut détecter les plus petites perturbations gravitationnelles mais personne n’a encore pensé à amélioré le reste,This Radar can detect minute gravitational shifts within a solar system but provides limited range.
This unique artifact seems to have been built by an ancient race using lost technology. It seems to be able to see everywhere at once using quantum entanglement.,This unique artifact seems to have been built by an ancient race using lost technology. It seems to be able to see everywhere at once using quantum entanglement.,Un radar sans doute construit par une race ancienne utilisant une technologie oublié. Il semble capable de voir tout en même temps grâce à l’enchevêtrement quantique,This unique artifact seems to have been built by an ancient race using lost technology. It seems to be able to see everywhere at once using quantum entanglement.
Max Shield,Max Shield,Bouclier Max,Max Shield
Regen Rate,Regen Rate,Régénération,Regen Rate
Energy Cost,Energy Cost,Coup en Énergie,Energy Cost
{shielding.max_hp} points,{shielding.max_hp} points,{shielding.max_hp} points,{shielding.max_hp} points
{shielding.hp_regen_per_ap} point / turn,{shielding.hp_regen_per_ap} point / turn,{shielding.hp_regen_per_ap} points / tour,{shielding.hp_regen_per_ap} point / turn
{shielding.energy_cost_per_hp} per point,{shielding.energy_cost_per_hp} per point,{shielding.energy_cost_per_hp} par point,{shielding.energy_cost_per_hp} per point
A type of force field that surrounds the ship protecting it against all form of energy and projectile weaponry. Consumes large amount of energy and recharges slowly over time. Stacked shields offer diminishing returns.,A type of force field that surrounds the ship protecting it against all form of energy and projectile weaponry. Consumes large amount of energy and recharges slowly over time. Stacked shields offer diminishing returns.,Un champs de force qui protège un vaisseau de tout élément hostile. Utilise de grande quantité d’énergie et se recharge lentement. Il y a peut de gain à utiliser plus de 3 boucliers en même temps.,A type of force field that surrounds the ship protecting it against all form of energy and projectile weaponry. Consumes large amount of energy and recharges slowly over time. Stacked shields offer diminishing returns.
A military grade force field that surrounds the ship protecting it against all form of energy and projectile weaponry. Consumes large amount of energy and recharges slowly over time. Stacked shields offer diminishing returns.,A military grade force field that surrounds the ship protecting it against all form of energy and projectile weaponry. Consumes large amount of energy and recharges slowly over time. Stacked shields offer diminishing returns.,Un champs de force réserver aux militaires qui protège un vaisseau de tout élément hostile. Utilise de grande quantité d’énergie et se recharge lentement. Il y a peut de gain à utiliser plus de 3 boucliers en même temps.,A military grade force field that surrounds the ship protecting it against all form of energy and projectile weaponry. Consumes large amount of energy and recharges slowly over time. Stacked shields offer diminishing returns.
A type of advanced force field that surrounds the ship protecting it against all form of energy and projectile weaponry. Consumes large amount of energy and recharges slowly over time. Stacked shields offer diminishing returns.,A type of advanced force field that surrounds the ship protecting it against all form of energy and projectile weaponry. Consumes large amount of energy and recharges slowly over time. Stacked shields offer diminishing returns.,Un champs de force extrêmenent puissant qui protège un vaisseau de tout élément hostile. Utilise de grande quantité d’énergie et se recharge lentement. Il y a peut de gain à utiliser plus de 3 boucliers en même temps.,A type of advanced force field that surrounds the ship protecting it against all form of energy and projectile weaponry. Consumes large amount of energy and recharges slowly over time. Stacked shields offer diminishing returns.
"Through gravity manipulation this assembly creates a localized warp field inside the cargo bay, effectively reducing cargo size by a significant factor. Stacked compactor provide diminishing returns.","Through gravity manipulation this assembly creates a localized warp field inside the cargo bay, effectively reducing cargo size by a significant factor. Stacked compactor provide diminishing returns.",Cet outil crée une bulle d’espace-temps dans la soutes ce qui à pour effet de compresser le cargo et donc d’augmenter le volume disponible de magnière significative. Les compacteur sub-séquent ne pourront pas donner le même rendement.,"Through gravity manipulation this assembly creates a localized warp field inside the cargo bay, effectively reducing cargo size by a significant factor. Stacked compactor provide diminishing returns."
Cargo Space,Cargo Space,Volume Soute,Cargo Space
Don't bother running. You'll just die tired. Extra damage at the cost of energy.,Don't bother running. You'll just die tired. Extra damage at the cost of energy.,Pourquoi courir? Vous allez vous épuisez. Échanger de l’énergie pour plus de dommage.,Don't bother running. You'll just die tired. Extra damage at the cost of energy.
Damage Boost,Damage Boost,Bonus,Damage Boost
Weapon Energy Cost,Weapon Energy Cost,Coût Énergétique,Weapon Energy Cost
Solar panels mounted on the ship's hull provide passive energy regeneration. Stacked panels will provide dimishing returns.,Solar panels mounted on the ship's hull provide passive energy regeneration. Stacked panels will provide dimishing returns.,Des panneaux solaires installé sur la coque du vaisseau recharge automatiquement notre énergie. Installer plusieurs panneaux n’offre pas un retour linéaire.,Solar panels mounted on the ship's hull provide passive energy regeneration. Stacked panels will provide dimishing returns.
Energy Regen,Energy Regen,Régénération,Energy Regen
{energy_regen.per_turn} / turn,{energy_regen.per_turn} / turn,{energy_regen.per_turn} / tour,{energy_regen.per_turn} / turn
{cargo_optimizer.per_cargo_space} times,{cargo_optimizer.per_cargo_space} times,{cargo_optimizer.per_cargo_space} fois,{cargo_optimizer.per_cargo_space} times
Highly cohesive beam of high-energy photons allows long range targetting in a straight line.,Highly cohesive beam of high-energy photons allows long range targetting in a straight line.,Un appareil qui produit un rayonnement lumineux spatialement et temporellement cohérent. Permet de tirer sur de longues distances mais en ligne droite seulement.,Highly cohesive beam of high-energy photons allows long range targetting in a straight line.
Damage,Damage,Dommage,Damage
Range,Range,Porté,Range
Speed,Speed,Vitesse,Speed
Ammo,Ammo,Munition,Ammo
None,None,Aucune,None
{weapon_data.fire_speed} turns,{weapon_data.fire_speed} turns,{weapon_data.fire_speed} tours,{weapon_data.fire_speed} turns
"Ammo for the Missile Launcher. Missiles have four system components: targeting, flight system, engine, and warhead","Ammo for the Missile Launcher. Missiles have four system components: targeting, flight system, engine, and warhead","Munition pour le lance-missile. Un missile est composé de 4 éléments : système de ciblé, système de propulsion, système de contrôle et explosif.","Ammo for the Missile Launcher. Missiles have four system components: targeting, flight system, engine, and warhead"
"Launches a flurry of guided-missile to any target in the viscinity. Due to it's slow speed, range is limited.","Launches a flurry of guided-missile to any target in the viscinity. Due to it's slow speed, range is limited.","Lance une rafale de missiles guidés vers la cible la plus proche. Parce qu’ils doivent être accélérer, leur porté est limité","Launches a flurry of guided-missile to any target in the viscinity. Due to it's slow speed, range is limited."
Launches a flurry of guided-missile to any target in the viscinity. Improved launch sequence allow for slightly bigger range.,Launches a flurry of guided-missile to any target in the viscinity. Improved launch sequence allow for slightly bigger range.,Lance une rafale de missiles guidés vers la cible la plus proche. Cette version viens avec un système de pré-lancement qui augmente la porté.,Launches a flurry of guided-missile to any target in the viscinity. Improved launch sequence allow for slightly bigger range.
"Launches a flurry of guided-missile to any target in the viscinity. Extra missile bays allow for stacked shooting and reloading, allowing near-continuous shooting.","Launches a flurry of guided-missile to any target in the viscinity. Extra missile bays allow for stacked shooting and reloading, allowing near-continuous shooting.",Lance une rafale de missiles guidés vers la cible la plus proche. Cette version viens avec plusieurs tubes placés en série permettant un tir presque ininterrompu de missile.,"Launches a flurry of guided-missile to any target in the viscinity. Extra missile bays allow for stacked shooting and reloading, allowing near-continuous shooting."
Ammo for the Torpedo Launcher. It's massive but it makes even bigger holes !,Ammo for the Torpedo Launcher. It's massive but it makes even bigger holes !,"Munition pour le lance-torpille. Nettement plus gros qu’un missile, les trous qu’ils font sont encore plus impressionnant!",Ammo for the Torpedo Launcher. It's massive but it makes even bigger holes !
Can hit multiple enemies in a area. A short fuse prevents nearby detonation. Sadly it's not long enough to hit far away targets.,Can hit multiple enemies in a area. A short fuse prevents nearby detonation. Sadly it's not long enough to hit far away targets.,L’explosion touche les cases avoisinante. Une courte mèche empêche les détonations trop risqué. Malheureusement elle empêche aussi les tirs longues portés.,Can hit multiple enemies in a area. A short fuse prevents nearby detonation. Sadly it's not long enough to hit far away targets.
Weapon Stats,Weapon Stats,Caractéristiques,Weapon Stats
Shielding,Shielding,Bouclier,Shielding
Scanning,Scanning,Radar,Scanning
Battleships are the most powerful type of warship. They have the most shields and weapons in the fleet but their size and mass makes them slow and expensive.,Battleships are the most powerful type of warship. They have the most shields and weapons in the fleet but their size and mass makes them slow and expensive.,Les cuirassés sont les vaisseaux les plus puissant. Ils peuvent équiper un nombre impressionnant d’arme et de bouclier en même temps mais leur taille les rends également lent et dispendieux.,Battleships are the most powerful type of warship. They have the most shields and weapons in the fleet but their size and mass makes them slow and expensive.
Max hull,Max hull,Intégrité Max,Max hull
Status,Status,Status,Status
Weapon mounts,Weapon mounts,# d’arme,Weapon mounts
Shield mounts,Shield mounts,# de bouclier,Shield mounts
Utility mounts,Utility mounts,# d’utilitaire,Utility mounts
Current hull,Current hull,Intégrité Actuelle,Current hull
Current shield,Current shield,Bouclier Restant,Current shield
Similar in size to scouts but carries Torpedos. It'll blow everything up or die trying.,Similar in size to scouts but carries Torpedos. It'll blow everything up or die trying.,Taille similaire aux éclaireurs mais transporte généralement des torpilles. Ils préfèrent tout faire sauter.,Similar in size to scouts but carries Torpedos. It'll blow everything up or die trying.
A warship with mixed armaments generally used for convoy escort and support work. It's full of utility.,A warship with mixed armaments generally used for convoy escort and support work. It's full of utility.,Vaisseau de guerre généralement utilisé comme escorte et support. Le canif suisse de la flotte.,A warship with mixed armaments generally used for convoy escort and support work. It's full of utility.
"Harmless. Originally designed to explore Uranus, it's now so far deep it can't see the sun. Comes with various telemetry equipment.","Harmless. Originally designed to explore Uranus, it's now so far deep it can't see the sun. Comes with various telemetry equipment.",Inoffensif. Originalement envoyé pour étudier les planètes lointaines sa programmation originale est maintenant totalement désuettes. Viens équipé des meilleurs équipement de détection.,"Harmless. Originally designed to explore Uranus, it's now so far deep it can't see the sun. Comes with various telemetry equipment."
"A small, fast ship for forward exploration.","A small, fast ship for forward exploration.",Un vaisseau rapide de relativement petite taille pour l’exploration.,"A small, fast ship for forward exploration."
"A small, fast ship for forward exploration. The Jerk Armada usually prefer laser over any other armament.","A small, fast ship for forward exploration. The Jerk Armada usually prefer laser over any other armament.",Un vaisseau rapide de relativement petite taille pour l’exploration. L’armada Jerg favorise les armes photoniques par dessus tout.,"A small, fast ship for forward exploration. The Jerk Armada usually prefer laser over any other armament."
"Fast but relatively weak ship. Vorg favour solid defense over anything, even their scout come with powerful shields","Fast but relatively weak ship. Vorg favour solid defense over anything, even their scout come with powerful shields",Un vaisseau rapide de relativement petite taille pour l’exploration. Les Vorg préfèrent une défense solide avant tout et même leurs éclaireurs viennent équipés avec de puissant boucliers,"Fast but relatively weak ship. Vorg favour solid defense over anything, even their scout come with powerful shields"
Fast but relatively weak ship.,Fast but relatively weak ship.,Un vaisseau rapide mais plutôt fragile.,Fast but relatively weak ship.
An unknown space anomaly. Scanners indicate that we have no idea what it does.,An unknown space anomaly. Scanners indicate that we have no idea what it does.,Une Anomalie dans l’espace. Nos analyses ne nous permettent pas de déterminer son effet,An unknown space anomaly. Scanners indicate that we have no idea what it does.
Similar in size to scouts but made to carry torpedos. Slightly heavier and slower but more resilient than Scouts.,Similar in size to scouts but made to carry torpedos. Slightly heavier and slower but more resilient than Scouts.,De taille similaire aux éclaireurs mais transporte des torpilles. Un peu plus solide qu'un éclaireur mais aussi un peu plus lent.,Similar in size to scouts but made to carry torpedos. Slightly heavier and slower but more resilient than Scouts.
Recycle Energy,Recycle Energy,Recyclage d’énergie,Recycle Energy
Probe Ship,Probe Ship,Sonde,Probe Ship
(Starting) Human Scout,(Starting) Human Scout,Éclaireur Humain,(Starting) Human Scout
Human Bomber,Human Bomber,Bombardier Humain,Human Bomber
Human Frigate,Human Frigate,Frégate Humaine,Human Frigate
Human Battleship,Human Battleship,Cuirassé Humain,Human Battleship
Jerg Scout,Jerg Scout,Éclaireur Jerg,Jerg Scout
Jerg Bomber,Jerg Bomber,Bombardier Jerg,Jerg Bomber
Jerg Frigate,Jerg Frigate,Frégate Jerg,Jerg Frigate
Jerg Battleship,Jerg Battleship,Cuirassé Jerg,Jerg Battleship
Vorg Scout,Vorg Scout,Éclaireur Vorg,Vorg Scout
Vorg Bomber,Vorg Bomber,Bombardier Vorg,Vorg Bomber
Vorg Frigate,Vorg Frigate,Frégate Vorg,Vorg Frigate
Vorg Battleship,Vorg Battleship,Cuirassé Vorg,Vorg Battleship
Craft %d %s,Craft %d %s,Produire %d %s,Craft %d %s
Recycle %d Item(s),Recycle %d Item(s),Recycler %d Item(s),Recycle %d Item(s)
Energy Cost....,Energy Cost....,Coût en Énergie,Energy Cost....
Energy Gain....,Energy Gain....,Gain d'Énergie.,Energy Gain....
The %s's Status,The %s's Status,État du %s,The %s's Status
Not Enough Energy!,Not Enough Energy!,Pas Assez d'Énergie!,Not Enough Energy!
In Cargo.......,In Cargo.......,Stock..........,In Cargo.......
Available Energy..,Available Energy..,Énergie Disponible,Available Energy..
Hull Integrity....,Hull Integrity....,Intégrité.........,Hull Integrity....
Shield............,Shield............,Bouclier..........,Shield............
Production Time,Production Time,Temps Production,Production Time
Special,Special,Spécial,Special
Jerg Regen,Jerg Regen,Régen Jerg,Jerg Regen
%s [color=lime]went HOME[/color],%s [color=lime]went HOME[/color],%s [color=lime]a SURVÉCU![/color],%sは[color=lime]帰りました！[/color]
%s [color=red]died alone[/color] on wormhole #%d,%s [color=red]died alone[/color] on wormhole #%d,%s [color=red]est mort seul[/color] au niveau #%d,%sはワームホール%dに[color=red]一人で死んだ[/color]
%s [color=red]was destroyed[/color] on wormhole #%d,%s [color=red]was destroyed[/color] on wormhole #%d,%s [color=red]s'est fait tué[/color] au niveau #%d,%sはワームホール%dに[color=red]殺された[/color]
%s [color=red]self-destructed[/color] on wormhole #%d,%s [color=red]self-destructed[/color] on wormhole #%d,%s [color=red]s'est suicidé[/color] au niveau #%d,%sはワームホール%dに[color=red]自殺した[/color]
Planets are a rich source of base materials for feeding the energy converter of the ship.,Planets are a rich source of base materials for feeding the energy converter of the ship.,Les planètes sont de bonnes sources de ressources pour alimenter le convertisseur du vaisseau.,Planets are a rich source of base materials for feeding the energy converter of the ship.
Valuables,Valuables,Ressources,Valuables
Drop Chance,Drop Chance,Chance d'obtenir,Drop Chance
Is Colonized,Is Colonized,Est colonisée,Is Colonized
False,False,Non,False
True,True,Oui,True
Monstrous,Monstrous,Monstrueux,Monstrous